table_name,has_reference_to,is_referenced_by,table_type,description
slides,"['run_groups', 'scanners', 'slide_groups', 'slide_registration_states', 'slides']","['image_series_slides', 'images', 'scans', 'sections_slides_mappings', 'slide_tags_slides', 'slides']",,
fluorophores,,"['channel_fluorophore_maps', 'mfish_tubes']",,
gene_oligo_pools,"['gene_panel_oligo_pools', 'genes', 'sequences']",['mfish_oligos'],,
rseq_experiment_components_atac_analysis_runs,"['analysis_runs', 'rseq_experiment_components']",,,
structures_visual_behavior_supercontainers,"['structures', 'visual_behavior_supercontainers']",,,
reconstruction_types,['well_known_file_types'],['neuron_reconstructions'],,
gene_panel_oligo_pool_concentrations,"['gene_panel_oligo_pools', 'mfish_plans']",,,
gene_panel_oligo_pool_instances,"['gene_panel_oligo_pools', 'organisms', 'task_templates']","['gene_panel_probe_sets', 'mfish_tubes']",,
mfish_plans,"['mfish_plans', 'projects', 'specimens']","['gene_panel_oligo_pool_concentrations', 'mfish_experiment_plans_poly_a_probes', 'mfish_experiment_plans_structures', 'mfish_experiment_plans_task_templates', 'mfish_experiments_mfish_tags', 'mfish_experiments_poly_a_probe_instance_aliquots', 'mfish_experiments_structures', 'mfish_experiments_tasks', 'mfish_plans', 'specimens']",,
visual_behavior_supercontainers,"['isi_experiments', 'projects', 'specimens']","['imaging_depths_visual_behavior_supercontainers', 'ophys_sessions', 'structures_visual_behavior_supercontainers']",,
rseq_experiment_components_arc_analysis_runs,"['analysis_runs', 'rseq_experiment_components']",,,
cell_prep_samples_facs_wells,,,,
merscope_experiments_tasks,"['merscope_plans', 'task_templates']",,,
hash_functions,,['well_known_file_hashes'],,
ecephys_analysis_runs,['ecephys_sessions'],"['ecephys_analysis_run_probes', 'ecephys_unit_metric_bundles']",,
invalid_epoches,,,,
mfish_tubes,"['fluorophores', 'gene_panel_oligo_pool_instances', 'gene_panel_probe_sets', 'readout_sequences', 'users']",,,
stimuli,"['stimulus_namespaces', 'well_known_files']",,,
facs_wells_studies,"['facs_well_templates', 'studies']",,,
imaging_depths_visual_behavior_supercontainers,"['imaging_depths', 'visual_behavior_supercontainers']",,,
merscope_experiment_plans_specimens,"['merscope_plans', 'specimens']",,,
visual_behavior_container_runs,['visual_behavior_experiment_containers'],,,
mfish_experiment_plans_task_templates,"['mfish_plans', 'task_templates']",,,
cell_prep_roi_plans_structures,,,,
poly_a_probes,['readout_sequences'],"['mfish_experiment_plans_poly_a_probes', 'poly_a_probe_instances']",,
ephys_qc_criterias,,['ephys_roi_results'],,
gene_panel_probe_sets,"['gene_panel_oligo_pool_instances', 'projects']",['mfish_tubes'],,
gene_panel_oligo_pools,,"['code_books', 'gene_oligo_pools', 'gene_panel_oligo_pool_concentrations', 'gene_panel_oligo_pool_instances']",,
sectioning_tasks,"['plane_of_sections', 'task_templates', 'tcp_sops']",['specimens'],,
ecephys_unit_metric_bundles,"['ecephys_analysis_runs', 'ecephys_units']",,,
imaging_kits,,['merscope_plans'],,
mfish_experiments_tasks,"['mfish_plans', 'task_templates']",,,
mfish_experiments_poly_a_probe_instance_aliquots,"['mfish_plans', 'poly_a_probe_instance_aliquots']",,,
digital_archive_accounts,,['digital_archives'],,
injection_methods,,['injections'],,
apical_dendrite_states,,['task_templates'],,
merscope_plans,"['imaging_kits', 'merscope_plans', 'projects', 'specimens']","['merscope_experiment_plans_specimens', 'merscope_experiment_plans_structures', 'merscope_experiment_plans_task_templates', 'merscope_experiments_structures', 'merscope_experiments_tasks', 'merscope_plans', 'specimens']",,
mfish_experiments_mfish_tags,"['mfish_plans', 'mfish_tags']",,,
mfish_oligos,"['gene_oligo_pools', 'sequences']",['mfish_oligo_readout_maps'],,
ecephys_channels,"['ecephys_probes', 'structures']",['ecephys_units'],,
mfish_experiments_structures,"['mfish_plans', 'structures']",,,
mfish_oligo_readout_maps,"['mfish_oligos', 'readout_sequences']",,,
mfish_tags,,['mfish_experiments_mfish_tags'],,
poly_a_probe_instances,['poly_a_probes'],['poly_a_probe_instance_aliquots'],,
thicknesses,,['blocks'],,
digital_archives,['digital_archive_accounts'],"['digital_resources', 'projects']",,
donors_studies,"['donors', 'studies']",,,
stimulus_namespaces,['projects'],['stimuli'],,
readout_sequences,['sequences'],"['mfish_oligo_readout_maps', 'mfish_tubes', 'poly_a_probes']",,
merscope_experiments_structures,"['merscope_plans', 'structures']",,,
executables_genotypes,"['executables', 'genotypes']",,,
rseq_experiment_components_cell_ranger_analysis_runs,"['analysis_runs', 'rseq_experiment_components']",,,
merscope_experiment_plans_structures,"['merscope_plans', 'structures']",,,
channel_fluorophore_maps,"['fluorophores', 'task_templates']",,,
digital_resources,"['digital_archives', 'well_known_files']",,,
mfish_experiment_plans_poly_a_probes,"['mfish_plans', 'poly_a_probes']",,,
ecephys_analysis_run_probes,"['ecephys_analysis_runs', 'ecephys_probes']",,,
steps_templates,"['task_flow_steps', 'task_templates']",,,
related_jobs_v,,,,
mfish_analysis_runs,['specimens'],,,
ecephys_subprocessors,['ecephys_probes'],,,
merscope_experiment_plans_task_templates,"['merscope_plans', 'task_templates']",,,
clone_primer_report_views,,,,
code_books,['gene_panel_oligo_pools'],,,
facs_wells_injection_materials,"['facs_well_templates', 'injection_materials']",,,
ensembl_genes_v,,,,
mfish_experiment_plans_structures,"['mfish_plans', 'structures']",,,
artifacts,"['artifact_namespaces', 'well_known_files']",,,
dendrite_types,,['task_templates'],,
opt_experiments,"['equipment', 'projects', 'specimens', 'users']",,,
ophys_imaging_plane_groups,['ophys_sessions'],['ophys_experiments'],,
poly_a_probe_instance_aliquots,['poly_a_probe_instances'],['mfish_experiments_poly_a_probe_instance_aliquots'],,
ecephys_units,['ecephys_channels'],['ecephys_unit_metric_bundles'],,
alignment_methods,,['rseq_library_prep_methods'],,
ext_genes_v,,,,
image_metadata,"['image_metadata_types', 'images']",,,
opt_channels,,,,
artifact_namespaces,['projects'],['artifacts'],,
studies,,"['donors_studies', 'facs_wells_studies']",,
image_metadata_types,,['image_metadata'],,
ext_genelookups_v,,,,
ext_image_series_treatments_v,,,,
opt_channels_task_templates,,,,
ext_genes_image_series_v,,,,
injections_specimens,"['injections', 'specimens']",,,
ext_image_series_v,,,,
audits,,,,
calculatedilutions_v,,,,
cdna_primer_report_views,,,,
flat_structures_v,,,,
well_known_file_hashes,"['hash_functions', 'well_known_files']",,,
ncbi_genes_v,,,,
probe_refseq_blast_results_v,,,,
probe_summary_views,,,,
refseq_homologenes,,,,
spatial_mappings,,,,
structure_unionizes,"['image_series', 'structures']",,,
view_calculate_dilutions,,,,
view_slide_parent_specimens,,,,
isi_experiment_tags_isi_experiments,,,,
api_column_definitions,,,,
cell_prep_roi_plans_cell_prep_templates,,,,
class_mappings,,,,
color_channel_descriptions,,,,
schema_migrations,,,,
calculatedilutiontemplate,,,,
probe_expressed_states,,,,
refseq_human_gff_36,,,,
refseq_mouse_gff,,,,
macaque_chrs_map,,,,
human_chrs_map,,,,
methods_versions_stereotaxic_injection_templates,,,,
refseq_human_gff_37,,,,
injection_materials_stereotaxic_injections,,,,
ophys_experiment_tags,,,,
wij_chunks,,,,
image_series_public_labels,,,,
resolutions,,,,
injection_materials_stereotaxic_injection_templates,,,,
refseq_macaque_gff,,,,
isi_experiment_tags,,,,
methods_versions_stereotaxic_injections,,,,
mouse_chrs_map,,,,
alignment2ds,,['sub_images'],,
engineering_step_validations,['genes'],,,
entrez_aliases,['genes'],,,
neuronal_model_runs,['neuronal_models'],,,
probe_pcr_products,"['pcr_products', 'probes']",,,
array_slides,['wells'],,,
probe_sets,,"['probe_fluor_combinations', 'probe_sets_run_groups']",,
rna_to_map_well_mappings,['wells'],,,
rseq_tube_inputs,['rseq_tubes'],,,
probe_alignments,['probes'],,,
fine_structure_searches,"['image_series', 'structures']",,,
image_series_image_series_tags,"['image_series', 'image_series_tags']",,,
image_voxel_data,"['image_series', 'reference_spaces']",,,
blocks_section_arrangements,"['blocks', 'section_arrangements', 'slide_groups']",,,
cell_prep_roi_plans,['mechanical_dissociation_types'],"['cell_prep_roi_plans_chemicals', 'cell_prep_samples', 'cell_prep_specimen_roi_plans', 'cell_preps_cell_prep_roi_plans']",,
rna_seq_analysis_runs_rna_seq_experiments,"['analysis_runs', 'rna_seq_experiments']",,,
rna_seq_experiments,['rs_tubes'],['rna_seq_analysis_runs_rna_seq_experiments'],,
rseq_experiment_components_star_analysis_runs,"['analysis_runs', 'rseq_experiment_components']",,,
rseq_tubes,['rseq_tube_sets'],"['rseq_experiments', 'rseq_tube_inputs']",,
section_arrangements,,['blocks_section_arrangements'],,
annotated_regions,['structures'],['annotated_region_histories'],,
probe_sets_run_groups,"['probe_sets', 'run_groups']",,,
behavior_sessions,"['behavior_trainings', 'donors', 'ecephys_sessions', 'equipment', 'ophys_sessions', 'projects', 'users']",,,
behavior_trainings,['donors'],['behavior_sessions'],,
chromosomes,['organisms'],"['genes', 'genome_loci', 'genomic_objects']",,
differentiation_stage_instances,"['differentiation_collection_days', 'differentiations', 'facs', 'task_flows']","['facs_well_templates', 'task_flows', 'treatment_tasks', 'wells']",,
primers,['sequences'],['probe_templates'],,
ensembl_to_ncbi_mappings,['genes'],,,
gene_associations,"['gene_association_sources', 'genes']",,,
gene_symbol_aliases,['genes'],,,
genes,"['chromosomes', 'genomic_reference_updates', 'homologene_groups', 'molbio_authorities', 'organisms', 'reference_genomes']","['crisprs', 'donor_dna_constructs', 'engineering_step_validations', 'ensembl_to_ncbi_mappings', 'entrez_aliases', 'gene_associations', 'gene_classifications_genes', 'gene_oligo_pools', 'gene_symbol_aliases', 'gene_tags_genes', 'genes_genotypes', 'homology_arms', 'pcrs', 'probe_refseq_blast_results', 'southern_blots', 'talen_pairs', 'transcripts']",,
cell_prep_specimen_roi_plans,"['cell_prep_roi_plans', 'specimens']",,,
donors_genotypes,"['donors', 'genotypes', 'loci']",,,
loci,,['donors_genotypes'],,
rseq_experiment_components_single_cell_analysis_runs,"['analysis_runs', 'rseq_experiment_components']",,,
rna_amplification_inputs,"['rna_amplifications', 'rseq_oligos']",,,
affymetrix_transcript_clusters,,['affymetrix_probesets'],,
header_elements,,['user_header_elements'],,
cell_prep_tubes,['cell_prep_samples'],,,
gene_tags,,['gene_tags_genes'],,
informatics_ranking_query_results,"['image_series', 'informatics_ranking_queries']",,,
eye_trackings,,"['ecephys_sessions', 'ophys_sessions']",,
facs_facs_plate_templates,"['facs', 'facs_plate_templates']",,,
flat_field_correction_runs,,['wij_sets'],,
death_causes,,['donors'],,
death_manners,,['donors'],,
differentiation_sets,"['differentiation_designs', 'projects']",['differentiations'],,
education_levels,,['donors'],,
ages_executables,"['ages', 'executables']",,,
bam_anonymization_runs,"['analysis_runs', 'executables']",,,
executables_projects,"['executables', 'projects']",,,
methods_versions_reviewers,"['methods_versions', 'users']",,,
methods_versions_task_templates,"['methods_versions', 'task_templates']",,,
methods_versions_watchers,"['methods_versions', 'users']",,,
cell_preps_cell_prep_roi_plans,"['cell_prep_roi_plans', 'cell_preps']",,,
ecephys_probes,['ecephys_sessions'],"['ecephys_analysis_run_probes', 'ecephys_channels', 'ecephys_subprocessors']",,
rseq_size_selection_inputs,"['rseq_library_preps', 'rseq_size_selections']",,,
users_work_groups,"['users', 'work_groups']",,,
custom_reports,['users'],,,
visual_behavior_details,"['donors', 'users']",,,
ages,['organisms'],"['ages_executables', 'ages_job_transitions', 'donors', 'injections', 'job_transitions_ages', 'reference_spaces']",,
ages_job_transitions,"['ages', 'job_transitions']",,,
job_transitions_ages,"['ages', 'job_transitions']",,,
well_known_file_types,,"['go_file_types', 'reconstruction_types', 'well_known_files']",,
list_configurations,['users'],,,
task_flow_steps,['users'],['steps_templates'],,
user_header_elements,"['header_elements', 'users']",,,
widgets,['users'],,,
animal_monitoring_details,"['donors', 'scheduled_procedures', 'users']",,,
executables_workflows,['workflows'],,,
log_messages,['users'],,,
races,,['donors'],,
specimen_tags,,['specimen_tags_specimens'],,
image_series_tags,,['image_series_image_series_tags'],,
job_transitions_workflows,['workflows'],,,
reference_spaces_workflows,['workflows'],,,
specimens_workflows,['workflows'],,,
structure_sets,,"['atlases', 'structure_sets_structures']",,
workflows,,,,
injection_materials_injections,"['injection_materials', 'injections']",,,
analysis_run_containers,['projects'],['analysis_runs'],,
facs_population_plans_facs,"['facs', 'facs_population_plans']",,,
genders,,['donors'],,
job_transitions_projects,"['job_transitions', 'projects']",,,
scheduled_procedures,['projects'],['animal_monitoring_details'],,
cell_samples,['engineering_steps'],['cell_banks'],,
donor_dna_constructs_engineering_steps,"['donor_dna_constructs', 'engineering_steps']",,,
engineering_steps,['stem_cell_lines'],"['cell_samples', 'crisprs_engineering_steps', 'donor_dna_constructs_engineering_steps', 'donor_dna_recombinases_engineering_steps', 'engineering_steps_helper_plasmids', 'pcrs', 'southern_blots', 'talen_pairs_engineering_steps', 'transfection_conditions']",,
rs_alignment_runs,['executables'],,,
talen_pairs_engineering_steps,"['engineering_steps', 'talen_pairs']",,,
activity_cells,,['nuclease_activities'],,
atlases_avg_group_labels,"['atlases', 'avg_group_labels']",,,
blast_db_types,,['blast_db_files'],,
cell_prep_roi_plans_chemicals,"['cell_prep_roi_plans', 'chemicals']",,,
cell_prep_sample_collection_types,,['cell_prep_samples'],,
buffers,,['facs_plate_templates'],,
damage_assessments,,['observed_damages'],,
damage_hemispheres,,['observed_damages'],,
damage_types,,['observed_damages'],,
differentiation_designs_differentiation_stages,"['differentiation_designs', 'differentiation_stages']",,,
differentiation_stages,['differentiation_collection_days'],"['differentiation_designs_differentiation_stages', 'differentiation_stages_task_flows']",,
avg_replicate_types,['avg_group_labels'],['avg_replicates'],,
blast_versions,,['blast_runs'],,
colors,,['transfection_condition_colony_colors'],,
crisprs_engineering_steps,"['crisprs', 'engineering_steps']",,,
culture_conditions,,['stem_cell_lines'],,
differentiation_designs,,"['differentiation_designs_differentiation_stages', 'differentiation_sets']",,
differentiation_collection_days,,"['cell_banks', 'differentiation_stage_instances', 'differentiation_stages']",,
donor_dna_construct_types,,['donor_dna_construct_designs'],,
donor_dna_elements,,['donor_dna_promoter_components'],,
donor_dna_promoters_donor_dna_recombinase_sites,"['donor_dna_promoters', 'donor_dna_recombinase_sites']",,,
donor_dna_recombinase_sites,,['donor_dna_promoters_donor_dna_recombinase_sites'],,
engineering_step_component_assemblies,,"['crisprs', 'talens']",,
donor_dna_construct_designs_donor_dna_promoters,"['donor_dna_construct_designs', 'donor_dna_promoters']",,,
donor_dna_promoter_components,"['donor_dna_connections', 'donor_dna_elements', 'donor_dna_promoters']",,,
donor_dna_promoters,,"['donor_dna_construct_designs_donor_dna_promoters', 'donor_dna_promoter_components', 'donor_dna_promoters_donor_dna_recombinase_sites']",,
probe_fluor_combinations,"['fluor_colors', 'probe_sets', 'probes']",,,
ephys_sweep_tags,,['ephys_sweep_tags_ephys_sweeps'],,
ephys_sweep_tags_ephys_sweeps,"['ephys_sweep_tags', 'ephys_sweeps']",,,
facs,"['facs_resources', 'projects', 'task_templates']","['cell_preps', 'differentiation_stage_instances', 'facs_facs_plate_templates', 'facs_population_plans_facs', 'facs_specimens']",,
facs_resources,,"['facs', 'task_templates']",,
genotype_types,,['genotypes'],,
gene_association_sources,,['gene_associations'],,
methods_versions_ncrs,"['methods_versions', 'ncrs']",,,
ncrs,"['projects', 'users']","['methods_versions_ncrs', 'ncrs_specimens']",,
neuron_reconstruction_tags,,['neuron_reconstruction_tags_neuron_reconstructions'],,
neuron_reconstruction_tags_neuron_reconstructions,"['neuron_reconstruction_tags', 'neuron_reconstructions']",,,
neuronal_model_template_types,,['neuronal_model_templates'],,
ephys_stimulus_set_groups,,['ephys_cell_plans'],,
ercc_diluted_pools,"['ercc_diluted_pools', 'ercc_stock_pools']","['ercc_diluted_pools', 'rna_amplifications']",,
erccs,"['ercc_sets', 'transcripts']",['ercc_stock_pool_components'],,
gene_classification_categories,,['gene_classifications'],,
gene_classification_sources,,['gene_classifications'],,
gene_classification_uses,,['gene_classifications'],,
frozen_media,,['blocks'],,
gene_termini,,"['crisprs', 'donor_dna_constructs', 'homology_arms', 'talen_pairs']",,
handednesses,,['donors'],,
heatmap_types,,['heatmap_runs'],,
affymetrix_macaque_probesets,"['microarray_chipsets', 'organisms', 'transcripts']",,,
affymetrix_probesets,"['affymetrix_transcript_clusters', 'microarray_chipsets', 'transcripts']",,,
email_aliases_methods_version_types,"['email_aliases', 'methods_version_types']",,,
external_controls,,['facs_well_templates'],,
facs_population_plans,['task_templates'],"['facs_population_plans_facs', 'facs_well_templates']",,
ephys_stimuli,['ephys_stimulus_types'],['ephys_sweeps'],,
ephys_sweeps,"['ephys_stimuli', 'specimens']","['ephys_features', 'ephys_sweep_tags_ephys_sweeps']",,
job_queue_notification_criterias_job_queue_notifications,"['job_queue_notifications', 'notification_criterias']",,,
job_queue_notification_reports_job_queue_notifications,"['job_queue_notifications', 'notification_reports']",,,
job_queue_notifications,"['notification_run_frequencies', 'notification_types']","['job_queue_notification_criterias_job_queue_notifications', 'job_queue_notification_field_values_job_queue_notifications', 'job_queue_notification_reports_job_queue_notifications', 'job_queue_notifications_job_queues', 'job_queue_notifications_users']",,
job_queue_notifications_job_queues,"['job_queue_notifications', 'job_queues']",,,
crisprs_nuclease_activities,"['crisprs', 'nuclease_activities']",,,
gene_classifications_genes,"['gene_classifications', 'genes']",,,
neuronal_model_templates,['neuronal_model_template_types'],"['executables', 'neuronal_model_templates_well_known_files', 'neuronal_models']",,
notification_criteria_types,,['notification_criterias'],,
notification_run_frequencies,,"['job_queue_notifications', 'scheduled_procedure_notifications']",,
notification_types,,"['job_queue_notifications', 'scheduled_procedure_notifications']",,
blast_db_files,"['blast_db_types', 'organisms']","['blast_runs', 'probe_refseq_blast_results']",,
cell_roi_analysis_runs,['cell_rois'],,,
experiment_containers,"['imaging_depths', 'specimens', 'structures']",['ophys_experiments'],,
facs_specimens,"['facs', 'specimens']",,,
neuronal_models,"['neuron_reconstructions', 'neuronal_model_templates', 'specimens']",['neuronal_model_runs'],,
observatory_experiment_config_types,,['observatory_experiment_configs'],,
facs_plate_templates,"['buffers', 'facs_plate_templates', 'locations', 'plate_types']","['facs_facs_plate_templates', 'facs_plate_templates', 'facs_well_templates']",,
notification_criterias,['notification_criteria_types'],"['job_queue_notification_criterias_job_queue_notifications', 'scheduled_procedure_notification_criterias_scheduled_procedure_']",,
pcr_products,"['pcr_reaction_types', 'probe_templates']","['probe_pcr_products', 'probes']",,
probe_template_batches,['users'],['probe_templates'],,
executables_run_types,"['executables', 'run_types']",,,
gene_tags_genes,"['gene_tags', 'genes']",,,
run_group_types,,"['job_transitions_run_group_types', 'run_groups']",,
transcripts,"['genes', 'molbio_authorities']","['affymetrix_macaque_probesets', 'affymetrix_probesets', 'erccs', 'transcript_versions']",,
job_transitions_orientations,"['job_transitions', 'orientations']",,,
job_transitions_plane_of_sections,"['job_transitions', 'plane_of_sections']",,,
primary_tissue_sources,,"['donors', 'stem_cell_line_sources']",,
probe_results,,['probes'],,
injection_coordinates,"['injections', 'registration_points']",,,
plates,"['plate_types', 'plate_usages']",['wells'],,
reference_to_reference_transforms,['reference_spaces'],,,
registration_points,,"['injection_coordinates', 'stereotaxic_injection_templates', 'stereotaxic_injections', 'surgical_procedures', 'task_templates']",,
restriction_enzymes,,['restriction_enzymes_southern_blots'],,
rna_amplification_methods,,['rna_amplifications'],,
ecephys_sessions,"['equipment', 'eye_trackings', 'isi_experiments', 'observatory_stimulus_configs', 'projects', 'specimens', 'users']","['behavior_sessions', 'ecephys_analysis_runs', 'ecephys_probes']",,
rseq_oligos,['sequences'],"['cell_prep_samples', 'rna_amplification_inputs', 'rseq_library_preps']",,
specimen_blocks,"['blocks', 'runplans', 'specimens']",,,
talen_pairs,"['gene_termini', 'genes', 'sequences', 'talens']","['nuclease_activities_talen_pairs', 'talen_pairs_engineering_steps']",,
visual_behavior_experiment_containers,"['isi_experiments', 'projects', 'specimens']","['ophys_experiments_visual_behavior_experiment_containers', 'structures_visual_behavior_experiment_containers', 'visual_behavior_container_runs']",,
analysis_runs_types,['run_types'],,,
executables_treatments,"['executables', 'treatments']",,,
genome_loci,"['chromosomes', 'genome_loci', 'reference_genomes']",['genome_loci'],,
homologene_groups,,['genes'],,
pcrs_southern_blots,"['pcrs', 'southern_blots']",,,
analysis_runs,"['analysis_run_containers', 'executables', 'projects', 'reference_genomes']","['bam_anonymization_runs', 'rna_seq_analysis_runs_rna_seq_experiments', 'rseq_experiment_components_arc_analysis_runs', 'rseq_experiment_components_atac_analysis_runs', 'rseq_experiment_components_cell_ranger_analysis_runs', 'rseq_experiment_components_single_cell_analysis_runs', 'rseq_experiment_components_star_analysis_runs']",,
clone_sources,,['clones'],,
cloning_vectors,,['clones'],,
job_queues,,"['executables', 'job_queue_notifications_job_queues', 'job_transitions', 'jobs']",,
sequences,['sequence_types'],"['clones', 'crisprs', 'donor_dna_construct_designs', 'donor_dna_constructs', 'gene_oligo_pools', 'helper_plasmids', 'homology_arms', 'mfish_oligos', 'nuclease_activities', 'pcrs', 'primers', 'probe_templates', 'probes', 'readout_sequences', 'rseq_oligos', 'talen_pairs', 'talens', 'transcript_versions']",,
clones,"['clone_sources', 'cloning_vectors', 'freezers', 'orientations', 'sequences']",['probe_templates'],,
freezers,,['clones'],,
runplans,"['projects', 'runplan_states']","['equipment_runplans', 'run_groups', 'runplans_treatments', 'specimen_blocks']",,
assigned_users_scheduled_procedure_notifications,"['scheduled_procedure_notifications', 'users']",,,
executables,"['job_queues', 'neuronal_model_templates', 'organisms', 'scanners', 'structures']","['ages_executables', 'analysis_runs', 'bam_anonymization_runs', 'executables_genotypes', 'executables_projects', 'executables_run_types', 'executables_treatments', 'jobs', 'rs_alignment_runs']",,
job_transitions_scanners,"['job_transitions', 'scanners']",,,
projects_scheduled_procedure_notifications,"['projects', 'scheduled_procedure_notifications']",,,
rseq_library_preps,"['rseq_library_prep_methods', 'rseq_library_prep_sets', 'rseq_library_quantification_methods', 'rseq_oligos']","['rseq_experiment_components', 'rseq_size_selection_inputs']",,
crisprs,"['engineering_step_component_assemblies', 'engineering_step_component_designs', 'gene_termini', 'genes', 'nucleases', 'sequences', 'well_known_files']","['crisprs_engineering_steps', 'crisprs_nuclease_activities']",,
donor_dna_construct_designs,"['donor_dna_construct_types', 'sequences', 'well_known_files']","['donor_dna_construct_designs_donor_dna_promoters', 'donor_dna_constructs']",,
molbio_authorities,,"['genes', 'transcripts']",,
probe_templates,"['clones', 'file_uploads', 'primer_reports', 'primers', 'probe_template_batches', 'probe_template_types', 'sequences', 'template_tags', 'transcript_versions']","['pcr_confirmation_sequencing_runs', 'pcr_products', 'probes']",,
slide_tags,,['slide_tags_slides'],,
source_roles,,['stem_cell_line_sources'],,
southern_blot_label_types,,['southern_blots'],,
structure_edges,"['structure_graphs', 'structures']",,,
template_tags,,['probe_templates'],,
cell_banks,"['cell_bank_types', 'cell_banks', 'cell_samples', 'differentiation_collection_days', 'differentiations', 'stem_cell_line_states', 'stem_cell_lines']","['cell_banks', 'differentiations', 'stem_cell_lines']",,
stem_cell_line_states,,"['cell_banks', 'stem_cell_lines']",,
transfection_conditions,"['engineering_steps', 'transfection_methods']","['engineering_drug_instances', 'transfection_condition_colony_colors']",,
transfection_methods,,['transfection_conditions'],,
transgenic_induction_methods,,['donors'],,
transgenic_line_sources,,['genotypes'],,
avg_group_labels,,"['atlases_avg_group_labels', 'avg_graphic_objects', 'avg_replicate_types']",,
avg_microarray_templates,"['avg_graphic_objects', 'image_series']",,,
structures,"['hemispheres', 'ontologies']","['annotated_region_histories', 'annotated_regions', 'atlases', 'avg_graphic_objects', 'cross_ontology_mappings', 'ecephys_channels', 'ephys_roi_plans', 'executables', 'experiment_containers', 'fine_structure_searches', 'graph_views_structures', 'image_structure_data', 'injections', 'injections_structures', 'job_transitions_structures', 'merscope_experiment_plans_structures', 'merscope_experiments_structures', 'mfish_experiment_plans_structures', 'mfish_experiments_structures', 'ophys_experiments', 'ophys_sessions', 'polygon_spatial_mappings', 'projection_structure_unionizes', 'specimens', 'stereotaxic_injection_templates', 'stereotaxic_injections', 'structure_edges', 'structure_graphs', 'structure_sets_structures', 'structure_unionizes', 'structures_visual_behavior_experiment_containers', 'structures_visual_behavior_supercontainers', 'sub_images', 'surgical_procedures', 'tumor_features']",,
blast_alignments,['blast_runs'],,,
blast_runs,"['blast_db_files', 'blast_versions']",['blast_alignments'],,
cel1_nucleases,,['nuclease_activities'],,
cultured_cells,,['task_templates'],,
donor_substances,"['donors', 'unit_of_measurements', 'unit_of_times']",['substances'],,
biocytin_wells,['specimens'],,,
cell_soma_locations,"['reference_spaces', 'specimens']",,,
ephys_features,"['ephys_sweeps', 'specimens']",,,
probes,"['file_uploads', 'orientations', 'pcr_products', 'probe_results', 'probe_sources', 'probe_templates', 'probe_types', 'projects', 'sequences']","['probe_alignments', 'probe_fluor_combinations', 'probe_pcr_products', 'probe_refseq_blast_results']",,
genomic_objects,"['chromosomes', 'genomic_reference_updates', 'organisms', 'reference_genomes']",,,
genomic_reference_updates,['genomic_reference_updates'],"['genes', 'genomic_objects', 'genomic_reference_updates', 'reference_genomes']",,
organisms,,"['affymetrix_macaque_probesets', 'ages', 'blast_db_files', 'chromosomes', 'donors', 'executables', 'gene_panel_oligo_pool_instances', 'genes', 'genomic_objects', 'ontologies', 'reference3d_spaces', 'reference_genomes', 'reference_spaces', 'rseq_experiment_components']",,
blocks,"['frozen_media', 'thicknesses']","['blocks_section_arrangements', 'sections', 'specimen_blocks']",,
donor_dna_constructs,"['donor_dna_construct_designs', 'gene_termini', 'genes', 'homology_arms', 'sequences', 'well_known_files']",['donor_dna_constructs_engineering_steps'],,
ercc_sets,"['projects', 'well_known_files']",['erccs'],,
annotated_region_histories,"['annotated_region_histories', 'annotated_regions', 'structures']",['annotated_region_histories'],,
cell_rois_roi_exclusion_labels,"['cell_rois', 'roi_exclusion_labels']",,,
cross_ontology_mappings,['structures'],,,
ephys_roi_plans,['structures'],"['ephys_cell_plans', 'ephys_neural_tissue_plans_ephys_roi_plans', 'ephys_neural_tissue_templates_ephys_roi_plans', 'ephys_specimen_roi_plans']",,
transcript_versions,"['ncbi_sequence_statuses', 'sequences', 'transcripts']","['probe_refseq_blast_results', 'probe_templates']",,
flips,,"['images', 'scanners']",,
image_types,,"['atlases', 'images']",,
injections,"['ages', 'hemispheres', 'injection_methods', 'structures']","['injection_coordinates', 'injection_materials_injections', 'injections_specimens', 'injections_structures']",,
injections_structures,"['injections', 'structures']",,,
job_transitions_structures,"['job_transitions', 'structures']",,,
cell_prep_samples_specimens,"['cell_prep_samples', 'specimens']",,,
facs_well_templates,"['cell_prep_samples', 'differentiation_stage_instances', 'external_controls', 'facs_plate_templates', 'facs_population_plans']","['facs_wells_injection_materials', 'facs_wells_studies', 'specimens']",,
go_files_specimens,"['go_files', 'specimens']",,,
reference_genomes,"['file_sources', 'genomic_reference_updates', 'organisms', 'projects']","['analysis_runs', 'genes', 'genome_loci', 'genomic_objects']",,
stem_cell_lines,"['cell_banks', 'culture_conditions', 'reprogramming_methods', 'specimens', 'stem_cell_line_states', 'stem_cell_lines']","['cell_banks', 'differentiations', 'engineering_steps', 'stem_cell_line_sources_stem_cell_lines', 'stem_cell_lines']",,
task_templates,"['apical_dendrite_states', 'cultured_cells', 'dendrite_types', 'facs_resources', 'facs_sops', 'injection_materials', 'plane_of_sections', 'projects', 'registration_points', 'specimens', 'surgery_orientations', 'task_templates', 'tcp_sops', 'treatments']","['cell_preps', 'channel_fluorophore_maps', 'ephys_neural_tissue_plans', 'ephys_neural_tissue_templates_ephys_roi_plans', 'facs', 'facs_population_plans', 'gene_panel_oligo_pool_instances', 'merscope_experiment_plans_task_templates', 'merscope_experiments_tasks', 'methods_versions_task_templates', 'mfish_experiment_plans_task_templates', 'mfish_experiments_tasks', 'post_tc_analyses', 'sectioning_tasks', 'specimens', 'steps_templates', 'surgical_procedures', 'task_templates', 'tissue_processings', 'treatment_tasks']",,
alignment3ds,,"['image_series', 'specimens']",,
cell_preps,"['facs', 'task_templates', 'tcp_sops']","['cell_prep_samples', 'cell_preps_cell_prep_roi_plans', 'specimens', 'tissue_processings']",,
cell_reporters,,['specimens'],,
cell_rois,"['ophys_cell_segmentation_runs', 'specimens']","['cell_roi_analysis_runs', 'cell_rois_roi_exclusion_labels', 'cell_rois_roi_exclusion_training_labels']",,
cell_rois_roi_exclusion_training_labels,"['cell_rois', 'roi_exclusion_training_labels']",,,
sub_images,"['alignment2ds', 'image_series', 'images', 'specimens', 'structures', 'sub_image_qcstate_reasons', 'sub_image_types', 'sub_images']","['avg_graphic_objects', 'polygon_spatial_mappings', 'rgb_values', 'sub_image_annotations', 'sub_images']",,
sections,['blocks'],['sections_slides_mappings'],,
hemispheres,,"['image_structure_data', 'injections', 'projection_structure_unionizes', 'specimens', 'structures']",,
projection_structure_unionizes,"['hemispheres', 'image_series', 'structures']",,,
projects,['digital_archives'],"['analysis_run_containers', 'analysis_runs', 'artifact_namespaces', 'behavior_sessions', 'differentiation_sets', 'ecephys_sessions', 'email_aliases_projects', 'ercc_sets', 'ercc_stock_pools', 'executables_projects', 'facs', 'gene_panel_probe_sets', 'heatmap_runs', 'image_series', 'isi_experiments', 'job_transitions_projects', 'jobs', 'merscope_plans', 'methods_versions', 'mfish_plans', 'ncrs', 'ophys_sessions', 'opt_experiments', 'probes', 'project_sets_projects', 'project_well_types', 'projects_scheduled_procedure_notifications', 'projects_trigger_types', 'reference_genomes', 'reference_spaces', 'rna_amplification_sets', 'rseq_library_prep_sets', 'rseq_size_selection_sets', 'rseq_tube_sets', 'runplans', 'scans', 'scheduled_procedures', 'specimens', 'stimulus_namespaces', 'task_templates', 'visual_behavior_experiment_containers', 'visual_behavior_supercontainers']",,
ephys_cell_plans,"['cell_descriptions', 'ephys_pipette_types', 'ephys_roi_plans', 'ephys_stimulus_set_groups']",['specimens'],,
plane_of_sections,,"['job_transitions_plane_of_sections', 'reference_spaces', 'sectioning_tasks', 'specimens', 'task_templates', 'tissue_processings']",,
ophys_experiments,"['experiment_containers', 'images', 'imaging_depths', 'ophys_imaging_plane_groups', 'structures', 'users']",['ophys_experiments_visual_behavior_experiment_containers'],,
images,"['flips', 'image_types', 'images', 'slides', 'specimens']","['image_metadata', 'images', 'isi_experiments', 'ophys_experiments', 'ophys_sessions', 'scans', 'sub_images']",,
isi_experiments,"['equipment', 'images', 'projects', 'specimens', 'users']","['ecephys_sessions', 'ophys_sessions', 'visual_behavior_experiment_containers', 'visual_behavior_supercontainers']",,
ophys_sessions,"['equipment', 'eye_trackings', 'images', 'imaging_depths', 'isi_experiments', 'ophys_sessions', 'projects', 'specimens', 'structures', 'users', 'visual_behavior_supercontainers']","['behavior_sessions', 'ophys_imaging_plane_groups', 'ophys_sessions']",,
avg_graphic_objects,"['avg_graphic_objects', 'avg_group_labels', 'structures', 'sub_images', 'well_known_files']","['avg_graphic_objects', 'avg_microarray_templates', 'avg_replicates', 'avg_transformations', 'biospecimen_polygons', 'ish_quality_metrics', 'polygon_spatial_mappings']",,
avg_replicates,"['avg_graphic_objects', 'avg_replicate_types', 'users']",,,
avg_transformations,['avg_graphic_objects'],,,
biospecimen_polygons,['avg_graphic_objects'],,,
access_rights,,,,
archives,,,,
atlases,"['image_types', 'specimens', 'structure_graphs', 'structure_sets', 'structures', 'treatments']",['atlases_avg_group_labels'],,
cell_additives,,['nuclease_activities'],,
run_groups,"['run_group_states', 'run_group_types', 'runplans', 'treatments']","['image_series', 'probe_sets_run_groups', 'slides']",,
cell_bank_types,,['cell_banks'],,
cell_descriptions,,['ephys_cell_plans'],,
cell_prep_sample_types,,['cell_prep_samples'],,
cell_prep_samples,"['cell_prep_roi_plans', 'cell_prep_sample_collection_types', 'cell_prep_sample_types', 'cell_preps', 'rseq_oligos']","['cell_prep_samples_specimens', 'cell_prep_tubes', 'chemical_instances', 'facs_well_templates']",,
chemical_instances,"['cell_prep_samples', 'chemicals']",,,
chemicals,,"['cell_prep_roi_plans_chemicals', 'chemical_instances']",,
differentiation_stages_task_flows,"['differentiation_stages', 'task_flows']",,,
differentiations,"['cell_banks', 'differentiation_sets', 'stem_cell_lines']","['cell_banks', 'differentiation_stage_instances']",,
donor_dna_connections,,['donor_dna_promoter_components'],,
donor_dna_recombinases,,['donor_dna_recombinases_engineering_steps'],,
donor_dna_recombinases_engineering_steps,"['donor_dna_recombinases', 'engineering_steps']",,,
donor_medical_conditions,"['donors', 'medical_conditions']",,,
donors,"['ages', 'death_causes', 'death_manners', 'education_levels', 'genders', 'handednesses', 'occupations', 'organisms', 'primary_tissue_sources', 'races', 'transgenic_induction_methods']","['animal_monitoring_details', 'behavior_sessions', 'behavior_trainings', 'donor_medical_conditions', 'donor_substances', 'donors_genotypes', 'donors_studies', 'operations', 'specimens', 'visual_behavior_details']",,
down_sample_job_details,,,,
email_aliases,,"['email_aliases_methods_version_types', 'email_aliases_projects']",,
email_aliases_projects,"['email_aliases', 'projects']",,,
engineering_drug_instances,"['engineering_drugs', 'transfection_conditions']",,,
engineering_drugs,,['engineering_drug_instances'],,
engineering_step_component_designs,,"['crisprs', 'talens']",,
engineering_steps_helper_plasmids,"['engineering_steps', 'helper_plasmids']",,,
ephys_neural_tissue_plans,['task_templates'],"['ephys_neural_tissue_plans_ephys_roi_plans', 'ephys_specimen_roi_plans', 'specimens', 'tissue_processings']",,
ephys_neural_tissue_plans_ephys_roi_plans,"['ephys_neural_tissue_plans', 'ephys_roi_plans']",,,
ephys_neural_tissue_templates_ephys_roi_plans,"['ephys_roi_plans', 'task_templates']",,,
ephys_pipette_types,,['ephys_cell_plans'],,
ephys_raw_stimulus_names,['ephys_stimulus_types'],,,
ephys_roi_results,"['ephys_qc_criterias', 'ephys_specimen_roi_plans', 'users']",['specimens'],,
ephys_specimen_roi_plans,"['ephys_neural_tissue_plans', 'ephys_roi_plans', 'specimens', 'users']",['ephys_roi_results'],,
ephys_stimulus_types,,"['ephys_raw_stimulus_names', 'ephys_stimuli']",,
equalizations,,['image_series'],,
equipment,['equipment_classes'],"['behavior_sessions', 'ecephys_sessions', 'equipment_runplans', 'isi_experiments', 'ophys_sessions', 'opt_experiments', 'tissuecyte_calibrations']",,
equipment_classes,,['equipment'],,
treatments,,"['atlases', 'executables_treatments', 'job_transitions_treatments', 'run_groups', 'runplans_treatments', 'specimen_sets_treatments', 'task_templates', 'treatment_tasks']",,
equipment_runplans,"['equipment', 'runplans']",,,
ercc_stock_pool_components,"['ercc_stock_pools', 'erccs']",,,
ercc_stock_pools,"['projects', 'well_known_files']","['ercc_diluted_pools', 'ercc_stock_pool_components']",,
executables_run_group_types,,,,
image_series,"['alignment3ds', 'equalizations', 'projects', 'run_groups', 'specimens']","['avg_microarray_templates', 'fine_structure_searches', 'image_series_image_series_tags', 'image_series_slides', 'image_structure_data', 'image_voxel_data', 'informatics_ranking_query_results', 'polygon_spatial_mappings', 'projection_structure_unionizes', 'publishes', 'structure_unionizes', 'sub_images', 'tumor_features', 'wells']",,
runplans_treatments,"['runplans', 'treatments']",,,
specimens,"['alignment3ds', 'cell_preps', 'cell_reporters', 'donors', 'ephys_cell_plans', 'ephys_neural_tissue_plans', 'ephys_roi_results', 'facs_well_templates', 'flipped_specimens', 'hemispheres', 'locations', 'merscope_plans', 'mfish_plans', 'normalization_groups', 'operations', 'plane_of_sections', 'postmortem_intervals', 'projects', 'reference_spaces', 'sectioning_tasks', 'specimen_preparation_methods', 'specimen_sets', 'specimens', 'structures', 'task_flows', 'task_templates', 'tissue_processings']","['atlases', 'biocytin_wells', 'cell_prep_samples_specimens', 'cell_prep_specimen_roi_plans', 'cell_rois', 'cell_soma_locations', 'ecephys_sessions', 'ephys_features', 'ephys_specimen_roi_plans', 'ephys_sweeps', 'experiment_containers', 'facs_specimens', 'go_files_specimens', 'image_series', 'images', 'injections_specimens', 'isi_experiments', 'merscope_experiment_plans_specimens', 'merscope_plans', 'mfish_analysis_runs', 'mfish_plans', 'ncrs_specimens', 'neuron_reconstructions', 'neuronal_models', 'ophys_sessions', 'opt_experiments', 'polygon_spatial_mappings', 'post_tc_analyses', 'scans', 'specimen_blocks', 'specimen_metadata', 'specimen_tags_specimens', 'specimen_types_specimens', 'specimens', 'stem_cell_lines', 'stereotaxic_injections', 'sub_images', 'surgical_procedures', 'task_templates', 'treatment_tasks', 'visual_behavior_experiment_containers', 'visual_behavior_supercontainers', 'wij_sets']",,
ext_structures_v,,,,
facs_sops,,['task_templates'],,
file_sources,,"['reference_genomes', 'rs_tubesets', 'rseq_tube_sets', 'well_known_files']",,
file_uploads,['users'],"['probe_templates', 'probes']",,
flipped_specimens,,['specimens'],,
fluor_colors,,"['injection_materials', 'probe_fluor_combinations']",,
gene_classifications,"['gene_classification_categories', 'gene_classification_sources', 'gene_classification_uses']",['gene_classifications_genes'],,
graph_views_structures,"['graph_views', 'structures']",,,
gene_histories,,,,
genes_genotypes,"['genes', 'genotypes']",,,
genotypes,"['genotype_types', 'originating_labs', 'transgenic_line_sources']","['donors_genotypes', 'executables_genotypes', 'genes_genotypes']",,
go_exons,,,,
go_file_types,['well_known_file_types'],['go_files'],,
go_files,"['go_file_types', 'go_files', 'well_known_files']","['go_files', 'go_files_specimens']",,
graph_views,,['graph_views_structures'],,
heatmap_runs,"['heatmap_types', 'projects', 'well_known_files']",,,
helper_plasmids,"['sequences', 'well_known_files']",['engineering_steps_helper_plasmids'],,
homology_arms,"['gene_termini', 'genes', 'sequences', 'well_known_files']",['donor_dna_constructs'],,
image_series_series_public_labels,,,,
image_series_slides,"['image_series', 'slides']",,,
image_structure_data,"['hemispheres', 'image_series', 'structures']",,,
imaging_depths,,"['experiment_containers', 'imaging_depths_visual_behavior_supercontainers', 'ophys_experiments', 'ophys_sessions']",,
informatics_ranking_queries,['informatics_ranking_query_types'],['informatics_ranking_query_results'],,
informatics_ranking_query_types,,['informatics_ranking_queries'],,
injection_material_propagation_directions,,['injection_materials'],,
injection_materials,"['fluor_colors', 'injection_material_propagation_directions']","['facs_wells_injection_materials', 'injection_materials_injections', 'task_templates']",,
ish_quality_metrics,['avg_graphic_objects'],,,
job_queue_notification_field_values,,['job_queue_notification_field_values_job_queue_notifications'],,
job_queue_notification_field_values_job_queue_notifications,"['job_queue_notification_field_values', 'job_queue_notifications']",,,
job_queue_notifications_users,"['job_queue_notifications', 'users']",,,
job_states,,"['job_transitions', 'jobs']",,
job_transitions,"['job_queues', 'job_states']","['ages_job_transitions', 'job_transitions_ages', 'job_transitions_orientations', 'job_transitions_plane_of_sections', 'job_transitions_projects', 'job_transitions_run_group_types', 'job_transitions_scanners', 'job_transitions_structures', 'job_transitions_treatments']",,
job_transitions_run_group_types,"['job_transitions', 'run_group_types']",,,
job_transitions_treatments,"['job_transitions', 'treatments']",,,
jobs,"['executables', 'job_queues', 'job_states', 'projects']",,,
ldds,,,,
locations,,"['facs_plate_templates', 'specimens']",,
mechanical_dissociation_types,,['cell_prep_roi_plans'],,
medical_condition_types,,['medical_conditions'],,
medical_conditions,['medical_condition_types'],['donor_medical_conditions'],,
methods_version_types,,"['email_aliases_methods_version_types', 'methods_versions']",,
methods_versions,"['methods_version_types', 'methods_versions', 'projects']","['methods_versions', 'methods_versions_ncrs', 'methods_versions_reviewers', 'methods_versions_task_templates', 'methods_versions_watchers']",,
microarray_chipsets,,"['affymetrix_macaque_probesets', 'affymetrix_probesets']",,
ncbi_sequence_statuses,,['transcript_versions'],,
ncrs_specimens,"['ncrs', 'specimens']",,,
neuron_reconstructions,"['neuron_reconstructions', 'reconstruction_types', 'specimens', 'users']","['neuron_reconstruction_tags_neuron_reconstructions', 'neuron_reconstructions', 'neuronal_models']",,
neuronal_model_templates_well_known_files,"['neuronal_model_templates', 'well_known_files']",,,
normalization_groups,,['specimens'],,
notification_reports,,"['job_queue_notification_reports_job_queue_notifications', 'scheduled_procedure_notification_reports_scheduled_procedure_no']",,
nuclease_activities,"['activity_cells', 'cel1_nucleases', 'cell_additives', 'sequences']","['crisprs_nuclease_activities', 'nuclease_activities_pcrs', 'nuclease_activities_talen_pairs', 'pcrs']",,
nuclease_activities_pcrs,"['nuclease_activities', 'pcrs']",,,
nuclease_activities_talen_pairs,"['nuclease_activities', 'talen_pairs']",,,
nucleases,,"['crisprs', 'talens']",,
observatory_associated_data,,,,
observatory_experiment_configs,['observatory_experiment_config_types'],,,
observatory_stimulus_configs,,['ecephys_sessions'],,
observed_damages,"['damage_assessments', 'damage_hemispheres', 'damage_types', 'post_tc_analyses']",,,
occupations,,['donors'],,
ontologies,"['ontologies', 'organisms']","['ontologies', 'reference3d_spaces', 'structure_graphs', 'structures']",,
operation_locations,,['operation_locations_operations'],,
operation_locations_operations,"['operation_locations', 'operations']",,,
operation_types,,['operations'],,
operations,"['donors', 'operation_types']","['operation_locations_operations', 'specimens']",,
ophys_cell_segmentation_runs,,['cell_rois'],,
ophys_experiment_analysis_runs,,,,
ophys_experiment_tags_ophys_experiments,,,,
ophys_experiments_visual_behavior_experiment_containers,"['ophys_experiments', 'visual_behavior_experiment_containers']",,,
orientations,,"['clones', 'job_transitions_orientations', 'probes']",,
originating_labs,,['genotypes'],,
pcr_confirmation_sequencing_runs,['probe_templates'],,,
pcr_names,,['pcrs'],,
pcr_polymerases,,['pcrs'],,
pcr_reaction_types,,['pcr_products'],,
pcrs,"['engineering_steps', 'genes', 'nuclease_activities', 'pcr_names', 'pcr_polymerases', 'sequences']","['nuclease_activities_pcrs', 'pcrs_southern_blots']",,
plate_types,,"['facs_plate_templates', 'plates']",,
plate_usages,,['plates'],,
polygon_spatial_mappings,"['avg_graphic_objects', 'image_series', 'specimens', 'structures', 'sub_images']",,,
post_tc_analyses,"['specimens', 'task_templates', 'users']",['observed_damages'],,
postmortem_intervals,,['specimens'],,
primer_reports,,['probe_templates'],,
probe_refseq_blast_results,"['blast_db_files', 'genes', 'probes', 'transcript_versions']",,,
probe_sources,,['probes'],,
probe_template_types,,['probe_templates'],,
probe_types,,['probes'],,
project_sets,,['project_sets_projects'],,
project_sets_projects,"['project_sets', 'projects']",,,
project_well_types,"['projects', 'well_types']",,,
projects_trigger_types,"['projects', 'trigger_types']",,,
publishes,['image_series'],,,
reference3d_spaces,"['ontologies', 'organisms', 'reference3d_spaces']",['reference3d_spaces'],,
reference_spaces,"['ages', 'organisms', 'plane_of_sections', 'projects', 'specimen_preparation_methods']","['cell_soma_locations', 'image_voxel_data', 'reference_to_reference_transforms', 'specimens']",,
refseq_human_gff,,,,
reprogramming_methods,,['stem_cell_lines'],,
restriction_enzymes_southern_blots,"['restriction_enzymes', 'southern_blots']",,,
slide_groups,,"['blocks_section_arrangements', 'slides']",,
rgb_values,['sub_images'],,,
rna_amplification_sets,"['projects', 'well_known_files']",['rna_amplifications'],,
rna_amplifications,"['ercc_diluted_pools', 'rna_amplification_methods', 'rna_amplification_sets']",['rna_amplification_inputs'],,
roi_exclusion_labels,,['cell_rois_roi_exclusion_labels'],,
roi_exclusion_training_labels,,['cell_rois_roi_exclusion_training_labels'],,
rs_tubes,"['rs_tubesets', 'well_types']",['rna_seq_experiments'],,
rs_tubesets,"['file_sources', 'well_known_files']",['rs_tubes'],,
rseq_experiment_components,"['organisms', 'rseq_experiments', 'rseq_library_preps']","['rseq_experiment_components_arc_analysis_runs', 'rseq_experiment_components_atac_analysis_runs', 'rseq_experiment_components_cell_ranger_analysis_runs', 'rseq_experiment_components_single_cell_analysis_runs', 'rseq_experiment_components_star_analysis_runs']",,
rseq_experiments,"['rseq_tubes', 'sequencing_instruments']",['rseq_experiment_components'],,
rseq_library_prep_methods,['alignment_methods'],['rseq_library_preps'],,
rseq_library_prep_sets,"['projects', 'well_known_files']",['rseq_library_preps'],,
rseq_library_quantification_methods,,"['rseq_library_preps', 'rseq_size_selections']",,
rseq_size_selection_sets,"['projects', 'well_known_files']",['rseq_size_selections'],,
rseq_size_selections,"['rseq_library_quantification_methods', 'rseq_size_selection_sets']",['rseq_size_selection_inputs'],,
rseq_tube_sets,"['file_sources', 'projects', 'well_known_files']",['rseq_tubes'],,
run_group_states,,['run_groups'],,
run_types,,"['analysis_runs_types', 'executables_run_types']",,
runplan_states,,['runplans'],,
scanners,['flips'],"['executables', 'job_transitions_scanners', 'scans', 'slides']",,
scans,"['images', 'projects', 'scanners', 'slides', 'specimens']",,,
scheduled_procedure_notification_criterias_scheduled_procedure_,"['notification_criterias', 'scheduled_procedure_notifications']",,,
scheduled_procedure_notification_date_ranges,,"['scheduled_procedure_notification_date_ranges_scheduled_procedur', 'scheduled_procedure_notification_requested_date_ranges_schedule']",,
scheduled_procedure_notification_date_ranges_scheduled_procedur,"['scheduled_procedure_notification_date_ranges', 'scheduled_procedure_notifications']",,,
scheduled_procedure_notification_reports_scheduled_procedure_no,"['notification_reports', 'scheduled_procedure_notifications']",,,
scheduled_procedure_notification_requested_date_ranges_schedule,"['scheduled_procedure_notification_date_ranges', 'scheduled_procedure_notifications']",,,
scheduled_procedure_notifications,"['notification_run_frequencies', 'notification_types']","['assigned_users_scheduled_procedure_notifications', 'projects_scheduled_procedure_notifications', 'scheduled_procedure_notification_criterias_scheduled_procedure_', 'scheduled_procedure_notification_date_ranges_scheduled_procedur', 'scheduled_procedure_notification_reports_scheduled_procedure_no', 'scheduled_procedure_notification_requested_date_ranges_schedule', 'scheduled_procedure_notifications_users']",,
scheduled_procedure_notifications_users,"['scheduled_procedure_notifications', 'users']",,,
scheduled_procedures_subjects,,,,
sections_slides_mappings,"['sections', 'slides']",,,
sequence_types,,['sequences'],,
sequencing_instruments,,['rseq_experiments'],,
sessions,,,,
slide_registration_states,,['slides'],,
slide_tags_slides,"['slide_tags', 'slides']",,,
southern_blots,"['engineering_steps', 'genes', 'southern_blot_label_types']","['pcrs_southern_blots', 'restriction_enzymes_southern_blots', 'washes']",,
specimen_hierarchies,,,,
specimen_metadata,['specimens'],,,
specimen_preparation_methods,,"['reference_spaces', 'specimens']",,
specimen_sets,,"['specimen_sets_treatments', 'specimens']",,
specimen_sets_treatments,"['specimen_sets', 'treatments']",,,
specimen_tags_specimens,"['specimen_tags', 'specimens']",,,
specimen_types,,['specimen_types_specimens'],,
specimen_types_specimens,"['specimen_types', 'specimens']",,,
stem_cell_line_sources,"['primary_tissue_sources', 'source_roles']",['stem_cell_line_sources_stem_cell_lines'],,
stem_cell_line_sources_stem_cell_lines,"['stem_cell_line_sources', 'stem_cell_lines']",,,
stereotaxic_injection_templates,"['registration_points', 'structures']",,,
stereotaxic_injections,"['registration_points', 'specimens', 'structures', 'surgical_procedures', 'users']",,,
stereotaxic_injections_additional_structures,,,,
stimulus_sets,,['stimulus_sets_well_known_files'],,
stimulus_sets_well_known_files,"['stimulus_sets', 'well_known_files']",,,
structure_graphs,"['ontologies', 'structures']","['atlases', 'structure_edges']",,
structure_sets_structures,"['structure_sets', 'structures']",,,
structures_visual_behavior_experiment_containers,"['structures', 'visual_behavior_experiment_containers']",,,
sub_image_annotation_tags,,['sub_image_annotation_tags_sub_image_annotations'],,
sub_image_annotation_tags_sub_image_annotations,"['sub_image_annotation_tags', 'sub_image_annotations']",,,
sub_image_annotations,['sub_images'],['sub_image_annotation_tags_sub_image_annotations'],,
sub_image_qcstate_reasons,,['sub_images'],,
sub_image_types,,['sub_images'],,
substances,['donor_substances'],,,
surgery_orientations,,"['surgical_procedures', 'task_templates']",,
surgical_procedures,"['registration_points', 'specimens', 'structures', 'surgery_orientations', 'task_templates', 'users']",['stereotaxic_injections'],,
system_settings,,,,
talens,"['engineering_step_component_assemblies', 'engineering_step_component_designs', 'nucleases', 'sequences', 'well_known_files']",['talen_pairs'],,
task_flows,['differentiation_stage_instances'],"['differentiation_stage_instances', 'differentiation_stages_task_flows', 'specimens']",,
tasks_task_templates,,,,
tcp_sops,,"['cell_preps', 'sectioning_tasks', 'task_templates', 'tissue_processings']",,
tissue_processings,"['cell_preps', 'ephys_neural_tissue_plans', 'plane_of_sections', 'task_templates', 'tcp_sops']",['specimens'],,
tissuecyte_calibrations,['equipment'],,,
top_levels,,['wells'],,
transfection_condition_colony_colors,"['colors', 'transfection_conditions']",,,
treatment_tasks,"['differentiation_stage_instances', 'specimens', 'task_templates', 'treatments']",,,
trigger_types,,['projects_trigger_types'],,
tumor_features,"['image_series', 'structures']",,,
unit_of_measurements,,['donor_substances'],,
unit_of_times,,['donor_substances'],,
units,,,,
users,['work_groups'],"['animal_monitoring_details', 'assigned_users_scheduled_procedure_notifications', 'avg_replicates', 'behavior_sessions', 'custom_reports', 'ecephys_sessions', 'ephys_roi_results', 'ephys_specimen_roi_plans', 'file_uploads', 'isi_experiments', 'job_queue_notifications_users', 'list_configurations', 'log_messages', 'methods_versions_reviewers', 'methods_versions_watchers', 'mfish_tubes', 'ncrs', 'neuron_reconstructions', 'ophys_experiments', 'ophys_sessions', 'opt_experiments', 'post_tc_analyses', 'probe_template_batches', 'scheduled_procedure_notifications_users', 'stereotaxic_injections', 'surgical_procedures', 'task_flow_steps', 'user_header_elements', 'users_work_groups', 'visual_behavior_details', 'widgets']",,
wash_buffer_types,,['washes'],,
washes,"['southern_blots', 'wash_buffer_types']",,,
well_known_files,"['file_sources', 'well_known_file_types']","['artifacts', 'avg_graphic_objects', 'crisprs', 'digital_resources', 'donor_dna_construct_designs', 'donor_dna_constructs', 'ercc_sets', 'ercc_stock_pools', 'go_files', 'heatmap_runs', 'helper_plasmids', 'homology_arms', 'neuronal_model_templates_well_known_files', 'rna_amplification_sets', 'rs_tubesets', 'rseq_library_prep_sets', 'rseq_size_selection_sets', 'rseq_tube_sets', 'stimuli', 'stimulus_sets_well_known_files', 'talens', 'well_known_file_hashes']",,
well_types,,"['project_well_types', 'rs_tubes', 'wells']",,
wells,"['differentiation_stage_instances', 'image_series', 'plates', 'top_levels', 'well_types']","['array_slides', 'rna_to_map_well_mappings']",,
wij_sets,,,,
work_groups,,"['users', 'users_work_groups']",,
